filename,activity_name,location,reference_product,reference_product_unit,traci_acidification,traci_climate_change,traci_ecotoxicity_freshwater,traci_eutrophication,traci_human_toxicity_carcinogenic,traci_human_toxicity_non-carcinogenic,traci_ozone_depletion,traci_particulate_matter_formation,traci_photochemical_oxidant_formation,traci_units,cost_per_unit,cost_source
greet2_2025_limn2o4_li2co3_glo_r89_cb_full_technosphere,"lithium carbonate (Li2CO3), GREET average supply mix",GLO,lithium carbonate,kg,0.0243369,11.0685,0,0.000691662,0,0,0,0.00361331,0.394366,kg SO2-Eq;kg CO2-Eq;CTUe;kg N-Eq;CTUh;CTUh;kg CFC-11-Eq;kg PM2.5-Eq;kg O3-Eq,,
greet2_2025_li_chemicals_li2co3_us_r106_cn_full_technosphere,"lithium carbonate (Li2CO3), US production",US,lithium carbonate,kg,0.0108991,7.55785,0,0.000407957,0,0,0,0.00205445,0.232075,kg SO2-Eq;kg CO2-Eq;CTUe;kg N-Eq;CTUh;CTUh;kg CFC-11-Eq;kg PM2.5-Eq;kg O3-Eq,,
greet2_2025_li_chemicals_li2co3_cl_li_chemicals_c30_ethanol_r106_cj_full_technosphere,"lithium carbonate (Li2CO3), from brine, Chile",CL,lithium carbonate,kg,0.00786576,2.4757,0,0.000274051,0,0,0,0.0018534,0.15626,kg SO2-Eq;kg CO2-Eq;CTUe;kg N-Eq;CTUh;CTUh;kg CFC-11-Eq;kg PM2.5-Eq;kg O3-Eq,,
greet2_2025_li_chemicals_li2co3_au_r106_cs_full_technosphere,"lithium carbonate (Li2CO3), from spodumene ore, Australia",AU,lithium carbonate,kg,0.0378133,18.0989,0,0.00103334,0,0,0,0.00505325,0.58918,kg SO2-Eq;kg CO2-Eq;CTUe;kg N-Eq;CTUh;CTUh;kg CFC-11-Eq;kg PM2.5-Eq;kg O3-Eq,,
greet2_2025_battery_sum_lithium_hydoxide_lioh_us_r539_cc_full_technosphere,"lithium hydroxide (LiOH), GREET average supply mix",US,lithium hydroxide,kg,0.051363,21.3092,0,0.00151004,0,0,0,0.00649427,0.861351,kg SO2-Eq;kg CO2-Eq;CTUe;kg N-Eq;CTUh;CTUh;kg CFC-11-Eq;kg PM2.5-Eq;kg O3-Eq,,
greet2_2025_li_chemicals_lioh_cl_li_chemicals_c30_ethanol_r106_ck_full_technosphere,"lithium hydroxide (LiOH), from brine, Chile",CL,lithium hydroxide,kg,0.0284567,10.9155,0,0.00107712,0,0,0,0.00832334,0.624805,kg SO2-Eq;kg CO2-Eq;CTUe;kg N-Eq;CTUh;CTUh;kg CFC-11-Eq;kg PM2.5-Eq;kg O3-Eq,,
greet2_2025_li_chemicals_lioh_au_r106_ct_full_technosphere,"lithium hydroxide (LiOH), from spodumene ore, Australia",AU,lithium hydroxide,kg,0.0570896,23.9076,0,0.00161826,0,0,0,0.006037,0.920488,kg SO2-Eq;kg CO2-Eq;CTUe;kg N-Eq;CTUh;CTUh;kg CFC-11-Eq;kg PM2.5-Eq;kg O3-Eq,,
greet2_2025_li_chemicals_spodumene_concentrate_from_ore_mining_and_processing_au_r106_cr_full_technosphere,"spodumene concentrate, ore mining and processing",AU,spodumene concentrate,kg,0.00175451,0.434427,0,7.30128e-05,0,0,0,0.000166014,0.0412776,kg SO2-Eq;kg CO2-Eq;CTUe;kg N-Eq;CTUh;CTUh;kg CFC-11-Eq;kg PM2.5-Eq;kg O3-Eq,,
greet2_2025_anode_metallic_lithium_total_us_r142_cd_full_technosphere,"lithium metal, electrolysis of LiCl",US,lithium metal,kg,0.031842,17.0678,0,0.00104184,0,0,0,0.00438623,0.595952,kg SO2-Eq;kg CO2-Eq;CTUe;kg N-Eq;CTUh;CTUh;kg CFC-11-Eq;kg PM2.5-Eq;kg O3-Eq,,
greet2_2025_battery_materials_lipf6_us_r88_cd_full_technosphere,lithium hexafluorophosphate (LiPF6) production,US,lithium hexafluorophosphate,kg,0.0224419,8.64576,0,0.000439053,0,0,0,0.00189198,0.25204,kg SO2-Eq;kg CO2-Eq;CTUe;kg N-Eq;CTUh;CTUh;kg CFC-11-Eq;kg PM2.5-Eq;kg O3-Eq,,
greet2_2025_other_cathodes_nmc_co_precipitation_lini1_3co1_3mn1_3o2_us_r119_cg_full_technosphere,"NMC111 cathode powder (LiNi1/3Co1/3Mn1/3O2), co-precipitation",US,NMC111 cathode active material,kg,0.168282,18.2175,0,0.00117993,0,0,0,0.0163489,0.677906,kg SO2-Eq;kg CO2-Eq;CTUe;kg N-Eq;CTUh;CTUh;kg CFC-11-Eq;kg PM2.5-Eq;kg O3-Eq,,
greet2_2025_other_cathodes_nmc_co_precipitation_lini0_4co0_2mn0_4o2_us_r119_ce_full_technosphere,"NMC442 cathode powder (LiNi0.4Co0.2Mn0.4O2), co-precipitation",US,NMC442 cathode active material,kg,0.190395,17.8391,0,0.00118778,0,0,0,0.0163634,0.682047,kg SO2-Eq;kg CO2-Eq;CTUe;kg N-Eq;CTUh;CTUh;kg CFC-11-Eq;kg PM2.5-Eq;kg O3-Eq,,
greet2_2025_other_cathodes_nmc_co_precipitation_lini0_5co0_3mn0_2o2_us_r119_ci_full_technosphere,"NMC532 cathode powder (GREET label LiNi0.5Co0.3Mn0.2O2), co-precipitation",US,NMC532 cathode active material,kg,0.235378,18.9662,0,0.00130861,0,0,0,0.0191091,0.751179,kg SO2-Eq;kg CO2-Eq;CTUe;kg N-Eq;CTUh;CTUh;kg CFC-11-Eq;kg PM2.5-Eq;kg O3-Eq,,
greet2_2025_other_cathodes_nmc_co_precipitation_lini0_6co0_2mn0_2o2_us_r119_ck_full_technosphere,"NMC622 cathode powder (LiNi0.6Co0.2Mn0.2O2), co-precipitation",US,NMC622 cathode active material,kg,0.269756,19.7728,0,0.00139856,0,0,0,0.0210441,0.802633,kg SO2-Eq;kg CO2-Eq;CTUe;kg N-Eq;CTUh;CTUh;kg CFC-11-Eq;kg PM2.5-Eq;kg O3-Eq,,
greet2_2025_other_cathodes_nmc_co_precipitation_lini0_8co0_1mn0_1o2_us_r119_cm_full_technosphere,"NMC811 cathode powder (LiNi0.8Co0.1Mn0.1O2), co-precipitation",US,NMC811 cathode active material,kg,0.349012,22.1231,0,0.00168465,0,0,0,0.0248038,0.965994,kg SO2-Eq;kg CO2-Eq;CTUe;kg N-Eq;CTUh;CTUh;kg CFC-11-Eq;kg PM2.5-Eq;kg O3-Eq,,
greet2_2025_other_cathodes_ncm_lini0_95co0_025mn0_025o2_co_precpitation_us_r119_cad_full_technosphere,"NMC95 cathode powder (LiNi0.95Co0.025Mn0.025O2), co-precipitation",US,NMC95 cathode active material,kg,0.4054,22.9992,0,0.00180676,0,0,0,0.0274186,1.03566,kg SO2-Eq;kg CO2-Eq;CTUe;kg N-Eq;CTUh;CTUh;kg CFC-11-Eq;kg PM2.5-Eq;kg O3-Eq,,
greet2_2025_other_cathodes_production_of_lini0_8co0_15al0_05o2_us_r119_cab_full_technosphere,NCA cathode powder (LiNi0.8Co0.15Al0.05O2),US,NCA cathode active material,kg,0.356875,23.3346,0,0.00175737,0,0,0,0.0257565,1.01255,kg SO2-Eq;kg CO2-Eq;CTUe;kg N-Eq;CTUh;CTUh;kg CFC-11-Eq;kg PM2.5-Eq;kg O3-Eq,,
greet2_2025_other_cathodes_lfp_hydrothermal_lifepo4_us_r119_cp_full_technosphere,"LFP cathode powder (LiFePO4), hydrothermal route",US,LFP cathode active material,kg,0.0215903,8.21208,0,0.00063727,0,0,0,0.00261279,0.363983,kg SO2-Eq;kg CO2-Eq;CTUe;kg N-Eq;CTUh;CTUh;kg CFC-11-Eq;kg PM2.5-Eq;kg O3-Eq,,
greet2_2025_other_cathodes_lfp_solid_state_lifepo4_us_r119_cv_full_technosphere,"LFP cathode powder (LiFePO4), solid-state route",US,LFP cathode active material,kg,0.0177264,3.96348,0,0.000433041,0,0,0,0.00224276,0.248752,kg SO2-Eq;kg CO2-Eq;CTUe;kg N-Eq;CTUh;CTUh;kg CFC-11-Eq;kg PM2.5-Eq;kg O3-Eq,,
greet2_2025_other_cathodes_licoo2_hydrothermal_us_r119_cu_full_technosphere,"LCO cathode powder (LiCoO2), hydrothermal route",US,LCO cathode active material,kg,0.0631605,20.5592,0,0.00125786,0,0,0,0.0165066,0.722932,kg SO2-Eq;kg CO2-Eq;CTUe;kg N-Eq;CTUh;CTUh;kg CFC-11-Eq;kg PM2.5-Eq;kg O3-Eq,,
greet2_2025_other_cathodes_licoo2_solid_state_us_r119_cs_full_technosphere,"LCO cathode powder (LiCoO2), solid-state route",US,LCO cathode active material,kg,0.0569392,17.9996,0,0.000996208,0,0,0,0.0160258,0.576669,kg SO2-Eq;kg CO2-Eq;CTUe;kg N-Eq;CTUh;CTUh;kg CFC-11-Eq;kg PM2.5-Eq;kg O3-Eq,,
greet2_2025_other_cathodes_lmr_nmc_solid_state_0_5_li2mno3_0_5lini0_44co0_25mn0_31o2_us_r119_cr_full_technosphere,"LMR-NMC cathode powder (0.5Li2MnO3-0.5LiNi0.44Co0.25Mn0.31O2), solid-state",US,LMR-NMC cathode active material,kg,0.107269,12.3087,0,0.000831,0,0,0,0.0127727,0.48119,kg SO2-Eq;kg CO2-Eq;CTUe;kg N-Eq;CTUh;CTUh;kg CFC-11-Eq;kg PM2.5-Eq;kg O3-Eq,,
greet2_2025_limn2o4_limn2o4_production_with_virgin_li2co3_limn2o4_with_virgin_li2co3_from_chile_us_r89_cg_full_technosphere,"LMO cathode powder (LiMn2O4), with Li2CO3 from Chilean brine",US,LMO cathode active material,kg,0.00803797,4.66417,0,0.000287286,0,0,0,0.00474025,0.169395,kg SO2-Eq;kg CO2-Eq;CTUe;kg N-Eq;CTUh;CTUh;kg CFC-11-Eq;kg PM2.5-Eq;kg O3-Eq,,
greet2_2025_limn2o4_limn2o4_production_with_virgin_li2co3_limn2o4_with_virgin_li2co3_from_ore_us_r89_cj_full_technosphere,"LMO cathode powder (LiMn2O4), with Li2CO3 from spodumene ore",US,LMO cathode active material,kg,0.0107917,6.10076,0,0.000357104,0,0,0,0.00503448,0.209203,kg SO2-Eq;kg CO2-Eq;CTUe;kg N-Eq;CTUh;CTUh;kg CFC-11-Eq;kg PM2.5-Eq;kg O3-Eq,,
greet2_2025_limn2o4_limn2o4_production_with_virgin_li2co3_limn2o4_with_virgin_li2co3_from_u_s_us_r89_ch_full_technosphere,"LMO cathode powder (LiMn2O4), with US Li2CO3",US,LMO cathode active material,kg,0.00529211,3.94681,0,0.000229314,0,0,0,0.00442171,0.136233,kg SO2-Eq;kg CO2-Eq;CTUe;kg N-Eq;CTUh;CTUh;kg CFC-11-Eq;kg PM2.5-Eq;kg O3-Eq,,
greet2_2025_other_cathodes_recycled_nmc_co_precipitation_lini1_3co1_3mn1_3o2_us_r119_co_full_technosphere,"NMC111 cathode powder from recycled hydroxide, co-precipitation",US,"NMC111 cathode active material, recycled",kg,0.0277414,14.0726,0,0.000796556,0,0,0,0.002954,0.457895,kg SO2-Eq;kg CO2-Eq;CTUe;kg N-Eq;CTUh;CTUh;kg CFC-11-Eq;kg PM2.5-Eq;kg O3-Eq,,
greet2_2025_other_cathodes_nickel_cobalt_manganese_hydroxide_ni1_3co1_3mn1_3_oh_2_us_r119_cf_full_technosphere,NMC111 precursor hydroxide (Ni1/3Co1/3Mn1/3(OH)2),US,NMC111 hydroxide precursor,kg,0.164633,11.8838,0,0.000857925,0,0,0,0.015464,0.493867,kg SO2-Eq;kg CO2-Eq;CTUe;kg N-Eq;CTUh;CTUh;kg CFC-11-Eq;kg PM2.5-Eq;kg O3-Eq,,
greet2_2025_other_cathodes_nickel_cobalt_manganese_hydroxide_ni0_4co0_2mn0_4_oh_2_us_r119_cd_full_technosphere,NMC442 precursor hydroxide (Ni0.4Co0.2Mn0.4(OH)2),US,NMC442 hydroxide precursor,kg,0.187936,11.4731,0,0.000865511,0,0,0,0.0154775,0.497843,kg SO2-Eq;kg CO2-Eq;CTUe;kg N-Eq;CTUh;CTUh;kg CFC-11-Eq;kg PM2.5-Eq;kg O3-Eq,,
greet2_2025_other_cathodes_nickel_cobalt_manganese_hydroxide_ni0_5co0_3mn0_2_oh_2_us_r119_ch_full_technosphere,NMC532 precursor hydroxide (GREET label Ni0.5Co0.3Mn0.2(OH)2),US,NMC532 hydroxide precursor,kg,0.236361,12.7492,0,0.000999059,0,0,0,0.0184562,0.574258,kg SO2-Eq;kg CO2-Eq;CTUe;kg N-Eq;CTUh;CTUh;kg CFC-11-Eq;kg PM2.5-Eq;kg O3-Eq,,
greet2_2025_other_cathodes_nickel_cobalt_manganese_hydroxide_ni0_6co0_2mn0_2_oh_2_us_r119_cj_full_technosphere,NMC622 precursor hydroxide (Ni0.6Co0.2Mn0.2(OH)2),US,NMC622 hydroxide precursor,kg,0.271538,13.5418,0,0.00108937,0,0,0,0.0204133,0.625905,kg SO2-Eq;kg CO2-Eq;CTUe;kg N-Eq;CTUh;CTUh;kg CFC-11-Eq;kg PM2.5-Eq;kg O3-Eq,,
greet2_2025_other_cathodes_nickel_cobalt_manganese_hydroxide_ni0_8co0_1mn0_1_oh_2_us_r119_cl_full_technosphere,NMC811 precursor hydroxide (Ni0.8Co0.1Mn0.1(OH)2),US,NMC811 hydroxide precursor,kg,0.351006,14.7742,0,0.00126142,0,0,0,0.0240924,0.724054,kg SO2-Eq;kg CO2-Eq;CTUe;kg N-Eq;CTUh;CTUh;kg CFC-11-Eq;kg PM2.5-Eq;kg O3-Eq,,
greet2_2025_other_cathodes_production_of_nickel_cobalt_manganese_hydroxide_ni0_95co0_025mn0_025_oh_2_us_r119_cac_full_technosphere,NMC95 precursor hydroxide (Ni0.95Co0.025Mn0.025(OH)2),US,NMC95 hydroxide precursor,kg,0.410159,15.6919,0,0.0013895,0,0,0,0.0268315,0.797124,kg SO2-Eq;kg CO2-Eq;CTUe;kg N-Eq;CTUh;CTUh;kg CFC-11-Eq;kg PM2.5-Eq;kg O3-Eq,,
greet2_2025_other_cathodes_production_of_ni0_8co0_15al0_05_oh_2_us_r119_caa_full_technosphere,NCA precursor hydroxide (Ni0.8Co0.15Al0.05(OH)2),US,NCA hydroxide precursor,kg,0.358857,15.949,0,0.0013309,0,0,0,0.0250539,0.76903,kg SO2-Eq;kg CO2-Eq;CTUe;kg N-Eq;CTUh;CTUh;kg CFC-11-Eq;kg PM2.5-Eq;kg O3-Eq,,
greet2_2025_other_cathodes_nickel_cobalt_manganese_hydroxide_ni0_219co0_125mn0_656_oh_2_us_r119_cq_full_technosphere,LMR-NMC precursor hydroxide (Ni0.219Co0.125Mn0.656(OH)2),US,LMR-NMC hydroxide precursor,kg,0.111285,7.03784,0,0.000532113,0,0,0,0.0124988,0.310951,kg SO2-Eq;kg CO2-Eq;CTUe;kg N-Eq;CTUh;CTUh;kg CFC-11-Eq;kg PM2.5-Eq;kg O3-Eq,,
greet2_2025_other_cathodes_recycled_nickel_cobalt_manganese_hydroxide_ni1_3co1_3mn1_3_oh_2_us_r119_cn_full_technosphere,"NMC111 precursor hydroxide, from recycled material",US,"NMC111 hydroxide precursor, recycled",kg,0.0157824,7.06756,0,0.000430399,0,0,0,0.00124671,0.248548,kg SO2-Eq;kg CO2-Eq;CTUe;kg N-Eq;CTUh;CTUh;kg CFC-11-Eq;kg PM2.5-Eq;kg O3-Eq,,
greet2_2025_nickel_final_class_i_nickel_us_nickel_b5_1_r147_cz_full_technosphere,"nickel, class 1, GREET supply mix",US,"nickel, class 1",kg,0.834436,19.1793,0,0.00106004,0,0,0,0.0519387,0.622199,kg SO2-Eq;kg CO2-Eq;CTUe;kg N-Eq;CTUh;CTUh;kg CFC-11-Eq;kg PM2.5-Eq;kg O3-Eq,,
greet2_2025_nickel_class_i_nickel_production_sulfidic_ore_us_nickel_b5_1_r147_cx_full_technosphere,"nickel, class 1, from sulfidic ore",US,"nickel, class 1",kg,1.01756,10.7185,0,0.000550473,0,0,0,0.0629848,0.329369,kg SO2-Eq;kg CO2-Eq;CTUe;kg N-Eq;CTUh;CTUh;kg CFC-11-Eq;kg PM2.5-Eq;kg O3-Eq,,
greet2_2025_nickel_class_i_nickel_production_laterite_ore_us_r147_cv_full_technosphere,"nickel, class 1, from laterite ore (HPAL)",US,"nickel, class 1",kg,0.10195,53.0221,0,0.00309829,0,0,0,0.00775431,1.79352,kg SO2-Eq;kg CO2-Eq;CTUe;kg N-Eq;CTUh;CTUh;kg CFC-11-Eq;kg PM2.5-Eq;kg O3-Eq,,
greet2_2025_nickel_final_recycled_nickel_us_r147_cab_full_technosphere,"nickel, class 1, recycled",US,"nickel, class 1, recycled",kg,0.00186951,1.27873,0,8.50474e-05,0,0,0,0.000175875,0.0487211,kg SO2-Eq;kg CO2-Eq;CTUe;kg N-Eq;CTUh;CTUh;kg CFC-11-Eq;kg PM2.5-Eq;kg O3-Eq,,
greet2_2025_nickel_final_niso4_combined_us_nickel_b5_1_r147_cal_full_technosphere,"nickel sulfate (NiSO4), GREET supply mix",US,nickel sulfate,kg,0.254889,7.03125,0,0.000710375,0,0,0,0.0163899,0.406352,kg SO2-Eq;kg CO2-Eq;CTUe;kg N-Eq;CTUh;CTUh;kg CFC-11-Eq;kg PM2.5-Eq;kg O3-Eq,,
greet2_2025_nickel_final_niso4_from_class_i_ni_us_nickel_b5_1_r147_caf_full_technosphere,"nickel sulfate (NiSO4), from class 1 nickel",US,nickel sulfate,kg,0.387427,4.13763,0,0.000222297,0,0,0,0.0239918,0.132589,kg SO2-Eq;kg CO2-Eq;CTUe;kg N-Eq;CTUh;CTUh;kg CFC-11-Eq;kg PM2.5-Eq;kg O3-Eq,,
greet2_2025_nickel_final_niso4_from_mhp_us_r147_cah_full_technosphere,"nickel sulfate (NiSO4), from mixed hydroxide precipitate (MHP)",US,nickel sulfate,kg,0.16653,8.96034,0,0.00103576,0,0,0,0.0113219,0.588861,kg SO2-Eq;kg CO2-Eq;CTUe;kg N-Eq;CTUh;CTUh;kg CFC-11-Eq;kg PM2.5-Eq;kg O3-Eq,,
greet2_2025_cobalt_per_ton_cobalt_products_final_virgin_co_metal_product_us_mat_inputs_b420_1_r85_co_full_technosphere,"cobalt metal, virgin",US,cobalt,kg,0.0754437,17.3412,0,0.000977041,0,0,0,0.0240362,0.562992,kg SO2-Eq;kg CO2-Eq;CTUe;kg N-Eq;CTUh;CTUh;kg CFC-11-Eq;kg PM2.5-Eq;kg O3-Eq,,
greet2_2025_cobalt_per_ton_cobalt_products_final_virgin_coso4_product_us_mat_inputs_b420_1_r85_cg_full_technosphere,"cobalt sulfate (CoSO4), virgin",US,cobalt sulfate,kg,0.0274817,5.78066,0,0.000344394,0,0,0,0.00900299,0.198604,kg SO2-Eq;kg CO2-Eq;CTUe;kg N-Eq;CTUh;CTUh;kg CFC-11-Eq;kg PM2.5-Eq;kg O3-Eq,,
greet2_2025_cobalt_per_ton_cobalt_products_final_virgin_co3o4_product_us_mat_inputs_b420_1_r85_ck_full_technosphere,"cobalt oxide (Co3O4), virgin",US,cobalt oxide,kg,0.05538,13.9983,0,0.000790965,0,0,0,0.0175753,0.460835,kg SO2-Eq;kg CO2-Eq;CTUe;kg N-Eq;CTUh;CTUh;kg CFC-11-Eq;kg PM2.5-Eq;kg O3-Eq,,
greet2_2025_cobalt_per_ton_cobalt_products_final_virgin_coo_product_us_mat_inputs_b420_1_r85_cm_full_technosphere,"cobalt(II) oxide (CoO), virgin",US,cobalt oxide,kg,0.0593215,14.9946,0,0.000847259,0,0,0,0.0188262,0.493633,kg SO2-Eq;kg CO2-Eq;CTUe;kg N-Eq;CTUh;CTUh;kg CFC-11-Eq;kg PM2.5-Eq;kg O3-Eq,,
greet2_2025_cobalt_per_ton_cobalt_products_final_virgin_cocl2_product_us_mat_inputs_b420_1_r85_ci_full_technosphere,"cobalt chloride (CoCl2), virgin",US,cobalt chloride,kg,0.0328065,6.9007,0,0.000411123,0,0,0,0.0107474,0.237085,kg SO2-Eq;kg CO2-Eq;CTUe;kg N-Eq;CTUh;CTUh;kg CFC-11-Eq;kg PM2.5-Eq;kg O3-Eq,,
greet2_2025_electrolyzers_cobalt_carbonate_us_r203_cu_full_technosphere,cobalt carbonate (CoCO3),US,cobalt carbonate,kg,0.0362445,8.24233,0,0.000464227,0,0,0,0.0118866,0.26782,kg SO2-Eq;kg CO2-Eq;CTUe;kg N-Eq;CTUh;CTUh;kg CFC-11-Eq;kg PM2.5-Eq;kg O3-Eq,,
greet2_2025_battery_sum_manganese_sulfate_mnso4_us_r508_cf_full_technosphere,manganese sulfate (MnSO4),US,manganese sulfate,kg,0.00195669,0.724397,0,3.06187e-05,0,0,0,0.00138451,0.0174807,kg SO2-Eq;kg CO2-Eq;CTUe;kg N-Eq;CTUh;CTUh;kg CFC-11-Eq;kg PM2.5-Eq;kg O3-Eq,,
greet2_2025_manganese_electrolytic_manganese_metal_us_r72_cg_full_technosphere,"manganese metal, electrolytic (EMM)",US,manganese,kg,0.0141485,6.94994,0,0.000270133,0,0,0,0.00126738,0.154527,kg SO2-Eq;kg CO2-Eq;CTUe;kg N-Eq;CTUh;CTUh;kg CFC-11-Eq;kg PM2.5-Eq;kg O3-Eq,,
greet2_2025_battery_sum_mn2o3_us_r539_cl_full_technosphere,manganese(III) oxide (Mn2O3),US,manganese oxide,kg,0.00138358,1.60399,0,6.13858e-05,0,0,0,0.00286145,0.036048,kg SO2-Eq;kg CO2-Eq;CTUe;kg N-Eq;CTUh;CTUh;kg CFC-11-Eq;kg PM2.5-Eq;kg O3-Eq,,
greet2_2025_electrolyzers_manganese_carbonate_us_r203_cv_full_technosphere,manganese carbonate (MnCO3),US,manganese carbonate,kg,0.00302207,1.68662,0,5.62505e-05,0,0,0,0.00198037,0.0323215,kg SO2-Eq;kg CO2-Eq;CTUe;kg N-Eq;CTUh;CTUh;kg CFC-11-Eq;kg PM2.5-Eq;kg O3-Eq,,
greet2_2025_anode_synthetic_graphite_wang_et_al_total_us_r142_cap_full_technosphere,"graphite, synthetic, battery grade (GREET default, Wang et al.)",US,synthetic graphite,kg,0.0130058,10.0682,0,0.000322857,0,0,0,0.00167586,0.18651,kg SO2-Eq;kg CO2-Eq;CTUe;kg N-Eq;CTUh;CTUh;kg CFC-11-Eq;kg PM2.5-Eq;kg O3-Eq,,
greet2_2025_anode_synthetic_graphite_acheson_powder_pandey_et_al_total_us_anode_b16_71_r142_cbd_full_technosphere,"graphite, synthetic, Acheson powder (Pandey et al.)",US,synthetic graphite,kg,0.0557292,37.7662,0,0.00124014,0,0,0,0.00699184,0.722283,kg SO2-Eq;kg CO2-Eq;CTUe;kg N-Eq;CTUh;CTUh;kg CFC-11-Eq;kg PM2.5-Eq;kg O3-Eq,,
greet2_2025_anode_intermediate_production_calcined_petroleum_coke_us_r176_cq_full_technosphere,"petroleum coke, calcined",US,calcined petroleum coke,kg,0.000738663,1.03553,0,2.39664e-05,0,0,0,7.21717e-05,0.0142518,kg SO2-Eq;kg CO2-Eq;CTUe;kg N-Eq;CTUh;CTUh;kg CFC-11-Eq;kg PM2.5-Eq;kg O3-Eq,,
greet2_2025_silicon_us_consumption_mix_final_metallurgical_grade_silicon_us_r96_cf_full_technosphere,"silicon, metallurgical grade, US consumption mix",US,"silicon, metallurgical grade",kg,0.0150369,9.71031,0,0.00034852,0,0,0,0.00187249,0.205115,kg SO2-Eq;kg CO2-Eq;CTUe;kg N-Eq;CTUh;CTUh;kg CFC-11-Eq;kg PM2.5-Eq;kg O3-Eq,,
greet2_2025_silicon_us_consumption_mix_final_high_purity_silicon_us_r96_cd_full_technosphere,"silicon, high purity, US consumption mix",US,"silicon, high purity",kg,0.0746825,50.9536,0,0.00183579,0,0,0,0.00850037,1.05703,kg SO2-Eq;kg CO2-Eq;CTUe;kg N-Eq;CTUh;CTUh;kg CFC-11-Eq;kg PM2.5-Eq;kg O3-Eq,,
greet2_2025_silicon_us_consumption_mix_final_electrical_grade_silicon_us_r96_ch_full_technosphere,"silicon, electronic grade, US consumption mix",US,"silicon, electronic grade",kg,0.108759,75.313,0,0.00276439,0,0,0,0.0122346,1.58885,kg SO2-Eq;kg CO2-Eq;CTUe;kg N-Eq;CTUh;CTUh;kg CFC-11-Eq;kg PM2.5-Eq;kg O3-Eq,,
greet2_2025_battery_materials_ethylene_carbonate_us_r88_cf_full_technosphere,ethylene carbonate (EC) production,US,ethylene carbonate,kg,0.000328181,0.305485,0,1.85363e-05,0,0,0,2.5114e-05,0.0109344,kg SO2-Eq;kg CO2-Eq;CTUe;kg N-Eq;CTUh;CTUh;kg CFC-11-Eq;kg PM2.5-Eq;kg O3-Eq,,
greet2_2025_battery_materials_dimethyl_carbonate_us_r88_ch_full_technosphere,dimethyl carbonate (DMC) production,US,dimethyl carbonate,kg,0.00121572,1.1348,0,6.89816e-05,0,0,0,9.30966e-05,0.0406703,kg SO2-Eq;kg CO2-Eq;CTUe;kg N-Eq;CTUh;CTUh;kg CFC-11-Eq;kg PM2.5-Eq;kg O3-Eq,,
greet2_2025_battery_materials_gamma_butyrolactone_gbl_us_r88_cn_full_technosphere,gamma-butyrolactone (GBL) production,US,gamma-butyrolactone,kg,0.00346744,3.5036,0,0.000214476,0,0,0,0.000271747,0.124767,kg SO2-Eq;kg CO2-Eq;CTUe;kg N-Eq;CTUh;CTUh;kg CFC-11-Eq;kg PM2.5-Eq;kg O3-Eq,,
greet2_2025_battery_materials_n_methyl_2_pyrrolidone_us_r88_cj_full_technosphere,N-methyl-2-pyrrolidone (NMP) production,US,N-methyl-2-pyrrolidone,kg,0.00414293,4.1241,0,0.000251743,0,0,0,0.00031887,0.149646,kg SO2-Eq;kg CO2-Eq;CTUe;kg N-Eq;CTUh;CTUh;kg CFC-11-Eq;kg PM2.5-Eq;kg O3-Eq,,
greet2_2025_battery_materials_methylamine_us_r88_cp_full_technosphere,methylamine production,US,methylamine,kg,0.00221659,2.08237,0,0.000132586,0,0,0,0.000143435,0.0869788,kg SO2-Eq;kg CO2-Eq;CTUe;kg N-Eq;CTUh;CTUh;kg CFC-11-Eq;kg PM2.5-Eq;kg O3-Eq,,
greet2_2025_battery_materials_pvdf_us_r88_cb_full_technosphere,polyvinylidene fluoride (PVDF) binder production,US,polyvinylidene fluoride,kg,0.00201054,1.83613,0,9.37785e-05,0,0,0,0.000201783,0.054076,kg SO2-Eq;kg CO2-Eq;CTUe;kg N-Eq;CTUh;CTUh;kg CFC-11-Eq;kg PM2.5-Eq;kg O3-Eq,,
greet2_2025_electrolyzers_dichloromethane_us_r203_cbg_full_technosphere,dichloromethane production,US,dichloromethane,kg,0.00323259,2.65257,0,0.000150158,0,0,0,0.000289322,0.0868652,kg SO2-Eq;kg CO2-Eq;CTUe;kg N-Eq;CTUh;CTUh;kg CFC-11-Eq;kg PM2.5-Eq;kg O3-Eq,,
greet2_2025_li_chemicals_methanol_us_r340_cu_full_technosphere,methanol production,US,methanol,kg,0.000731241,0.351732,0,4.36307e-05,0,0,0,4.64291e-05,0.026542,kg SO2-Eq;kg CO2-Eq;CTUe;kg N-Eq;CTUh;CTUh;kg CFC-11-Eq;kg PM2.5-Eq;kg O3-Eq,,
greet2_2025_electrolyzers_xylene_us_r203_ch_full_technosphere,xylene production,US,xylene,kg,0.000788584,0.661291,0,4.02802e-05,0,0,0,7.551e-05,0.0264072,kg SO2-Eq;kg CO2-Eq;CTUe;kg N-Eq;CTUh;CTUh;kg CFC-11-Eq;kg PM2.5-Eq;kg O3-Eq,,
greet2_2025_electrolyzers_methyl_ethyl_ketone_us_r203_cg_full_technosphere,methyl ethyl ketone (MEK) production,US,methyl ethyl ketone,kg,0.00090954,0.881707,0,4.83589e-05,0,0,0,9.60825e-05,0.0283728,kg SO2-Eq;kg CO2-Eq;CTUe;kg N-Eq;CTUh;CTUh;kg CFC-11-Eq;kg PM2.5-Eq;kg O3-Eq,,
greet2_2025_solar_pv_acetic_acid_us_r269_cr_full_technosphere,acetic acid production,US,acetic acid,kg,0.000974955,0.412091,0,5.83223e-05,0,0,0,4.72006e-05,0.034623,kg SO2-Eq;kg CO2-Eq;CTUe;kg N-Eq;CTUh;CTUh;kg CFC-11-Eq;kg PM2.5-Eq;kg O3-Eq,,
greet2_2025_vehi_fluids_ethylene_glycol_production_us_r34_cb_full_technosphere,ethylene glycol production,US,ethylene glycol,kg,0.00145947,0.983955,0,8.64921e-05,0,0,0,0.000106882,0.0510206,kg SO2-Eq;kg CO2-Eq;CTUe;kg N-Eq;CTUh;CTUh;kg CFC-11-Eq;kg PM2.5-Eq;kg O3-Eq,,
greet2_2025_electrolyzers_polyethylene_glycol_peg_us_r203_cp_full_technosphere,polyethylene glycol (PEG) production,US,polyethylene glycol,kg,0.00451269,4.4984,0,0.00025293,0,0,0,0.000400007,0.145848,kg SO2-Eq;kg CO2-Eq;CTUe;kg N-Eq;CTUh;CTUh;kg CFC-11-Eq;kg PM2.5-Eq;kg O3-Eq,,
greet2_2025_battery_sum_hydrochloric_acid_hcl_us_r508_ci_full_technosphere,"hydrochloric acid (HCl), 100% basis",US,hydrochloric acid,kg,0.00179831,1.65323,0,8.22994e-05,0,0,0,0.00016491,0.0474963,kg SO2-Eq;kg CO2-Eq;CTUe;kg N-Eq;CTUh;CTUh;kg CFC-11-Eq;kg PM2.5-Eq;kg O3-Eq,,
greet2_2025_electrolyzers_nitric_acid_us_r203_cx_full_technosphere,"nitric acid (HNO3), 100% basis",US,nitric acid,kg,0.00202653,1.92065,0,9.42391e-05,0,0,0,0.000139306,0.0579319,kg SO2-Eq;kg CO2-Eq;CTUe;kg N-Eq;CTUh;CTUh;kg CFC-11-Eq;kg PM2.5-Eq;kg O3-Eq,,
greet2_2025_battery_sum_phosphoric_acid_h3po4_us_r539_ce_full_technosphere,phosphoric acid (H3PO4),US,phosphoric acid,kg,0.0156617,0.987281,0,0.000275925,0,0,0,0.00190286,0.156016,kg SO2-Eq;kg CO2-Eq;CTUe;kg N-Eq;CTUh;CTUh;kg CFC-11-Eq;kg PM2.5-Eq;kg O3-Eq,,
greet2_2025_anode_intermediate_production_hydrogen_fluoride_us_r176_cp_full_technosphere,hydrogen fluoride (HF),US,hydrogen fluoride,kg,0.0139124,1.38422,0,0.000144825,0,0,0,0.00101255,0.0822947,kg SO2-Eq;kg CO2-Eq;CTUe;kg N-Eq;CTUh;CTUh;kg CFC-11-Eq;kg PM2.5-Eq;kg O3-Eq,,
greet2_2025_battery_sum_sodium_hydroxide_naoh_us_r508_cg_full_technosphere,"sodium hydroxide (NaOH), 100% basis",US,sodium hydroxide,kg,0.00199506,1.70658,0,8.98735e-05,0,0,0,0.000188618,0.0517477,kg SO2-Eq;kg CO2-Eq;CTUe;kg N-Eq;CTUh;CTUh;kg CFC-11-Eq;kg PM2.5-Eq;kg O3-Eq,,
greet2_2025_solar_pv_potassium_hydroxide_us_r269_cbu_full_technosphere,potassium hydroxide (KOH),US,potassium hydroxide,kg,0.00286477,1.41489,0,0.000105087,0,0,0,0.000306902,0.0599411,kg SO2-Eq;kg CO2-Eq;CTUe;kg N-Eq;CTUh;CTUh;kg CFC-11-Eq;kg PM2.5-Eq;kg O3-Eq,,
greet2_2025_battery_sum_soda_ash_na2co3_us_r508_cl_full_technosphere,"soda ash (sodium carbonate, Na2CO3)",US,soda ash,kg,0.000367245,0.633354,0,1.29701e-05,0,0,0,0.000143521,0.00758528,kg SO2-Eq;kg CO2-Eq;CTUe;kg N-Eq;CTUh;CTUh;kg CFC-11-Eq;kg PM2.5-Eq;kg O3-Eq,,
greet2_2025_battery_sum_ammonia_nh3_us_r508_cc_full_technosphere,ammonia (NH3),US,ammonia,kg,0.00156379,2.044,0,9.09129e-05,0,0,0,8.44596e-05,0.0684279,kg SO2-Eq;kg CO2-Eq;CTUe;kg N-Eq;CTUh;CTUh;kg CFC-11-Eq;kg PM2.5-Eq;kg O3-Eq,,
greet2_2025_battery_sum_ammonium_hydroxide_nh4oh_us_r508_ch_full_technosphere,ammonium hydroxide (NH4OH),US,ammonium hydroxide,kg,0.000759921,0.99328,0,4.4179e-05,0,0,0,4.1043e-05,0.0332524,kg SO2-Eq;kg CO2-Eq;CTUe;kg N-Eq;CTUh;CTUh;kg CFC-11-Eq;kg PM2.5-Eq;kg O3-Eq,,
greet2_2025_battery_sum_hydrogen_peroxide_h2o2_us_r508_ck_full_technosphere,"hydrogen peroxide (H2O2), 100% basis",US,hydrogen peroxide,kg,0.000706052,0.887714,0,3.70695e-05,0,0,0,6.22321e-05,0.0215851,kg SO2-Eq;kg CO2-Eq;CTUe;kg N-Eq;CTUh;CTUh;kg CFC-11-Eq;kg PM2.5-Eq;kg O3-Eq,,
greet2_2025_cobalt_lime_us_r118_cd_full_technosphere,"lime (quicklime, CaO)",US,lime,kg,0.000290159,1.1559,0,1.09105e-05,0,0,0,0.000132596,0.0064728,kg SO2-Eq;kg CO2-Eq;CTUe;kg N-Eq;CTUh;CTUh;kg CFC-11-Eq;kg PM2.5-Eq;kg O3-Eq,,
greet2_2025_li_chemicals_nacl_us_r340_cf_full_technosphere,sodium chloride (NaCl),US,sodium chloride,kg,0.00162448,0.223217,0,5.55304e-05,0,0,0,0.000167878,0.0313786,kg SO2-Eq;kg CO2-Eq;CTUe;kg N-Eq;CTUh;CTUh;kg CFC-11-Eq;kg PM2.5-Eq;kg O3-Eq,,
greet2_2025_li_chemicals_sodium_sulfate_us_r340_cz_full_technosphere,sodium sulfate (Na2SO4),US,sodium sulfate,kg,0.00232355,0.414664,0,3.11303e-05,0,0,0,0.000192777,0.0176497,kg SO2-Eq;kg CO2-Eq;CTUe;kg N-Eq;CTUh;CTUh;kg CFC-11-Eq;kg PM2.5-Eq;kg O3-Eq,,
greet2_2025_other_cathodes_sodium_chlorate_naclo3_us_r152_cy_full_technosphere,sodium chlorate (NaClO3),US,sodium chlorate,kg,0.00268186,1.83547,0,9.70219e-05,0,0,0,0.000282795,0.0556507,kg SO2-Eq;kg CO2-Eq;CTUe;kg N-Eq;CTUh;CTUh;kg CFC-11-Eq;kg PM2.5-Eq;kg O3-Eq,,
greet2_2025_electrolyzers_chlorine_us_r203_cbf_full_technosphere,chlorine (Cl2),US,chlorine,kg,0.0017054,1.4625,0,7.56796e-05,0,0,0,0.000159978,0.043596,kg SO2-Eq;kg CO2-Eq;CTUe;kg N-Eq;CTUh;CTUh;kg CFC-11-Eq;kg PM2.5-Eq;kg O3-Eq,,
greet2_2025_rare_earth_ammonium_sulfate_us_r163_cr_full_technosphere,ammonium sulfate ((NH4)2SO4),US,ammonium sulfate,kg,0.00313596,0.613401,0,7.02539e-05,0,0,0,0.000247852,0.0440385,kg SO2-Eq;kg CO2-Eq;CTUe;kg N-Eq;CTUh;CTUh;kg CFC-11-Eq;kg PM2.5-Eq;kg O3-Eq,,
greet2_2025_copper_ammonium_nitrate_us_r192_cb_full_technosphere,ammonium nitrate (NH4NO3),US,ammonium nitrate,kg,0.00304065,2.07146,0,0.000131583,0,0,0,0.00133157,0.0816711,kg SO2-Eq;kg CO2-Eq;CTUe;kg N-Eq;CTUh;CTUh;kg CFC-11-Eq;kg PM2.5-Eq;kg O3-Eq,,
greet2_2025_rare_earth_ammonium_bicarbonate_us_r163_cn_full_technosphere,ammonium bicarbonate (NH4HCO3),US,ammonium bicarbonate,kg,0.000336512,0.439849,0,1.95635e-05,0,0,0,1.81749e-05,0.014725,kg SO2-Eq;kg CO2-Eq;CTUe;kg N-Eq;CTUh;CTUh;kg CFC-11-Eq;kg PM2.5-Eq;kg O3-Eq,,
greet2_2025_battery_sum_diammonium_phosphate_us_r539_cj_full_technosphere,diammonium phosphate ((NH4)2HPO4),US,diammonium phosphate,kg,0.0139311,1.24764,0,0.000307695,0,0,0,0.00162121,0.177545,kg SO2-Eq;kg CO2-Eq;CTUe;kg N-Eq;CTUh;CTUh;kg CFC-11-Eq;kg PM2.5-Eq;kg O3-Eq,,
greet2_2025_cobalt_magnesium_oxide_us_r118_cf_full_technosphere,magnesium oxide (MgO),US,magnesium oxide,kg,0.000530677,0.530642,0,3.35314e-05,0,0,0,4.31617e-05,0.019358,kg SO2-Eq;kg CO2-Eq;CTUe;kg N-Eq;CTUh;CTUh;kg CFC-11-Eq;kg PM2.5-Eq;kg O3-Eq,,
greet2_2025_rare_earth_sodium_silicate_us_r163_cd_full_technosphere,sodium silicate,US,sodium silicate,kg,0.00914719,2.86707,0,0.000236562,0,0,0,0.000589157,0.142064,kg SO2-Eq;kg CO2-Eq;CTUe;kg N-Eq;CTUh;CTUh;kg CFC-11-Eq;kg PM2.5-Eq;kg O3-Eq,,
greet2_2025_li_chemicals_citric_acid_us_r340_cad_full_technosphere,citric acid,US,citric acid,kg,0.0023345,0.99726,0,7.6164e-05,0,0,0,0.000176043,0.0449482,kg SO2-Eq;kg CO2-Eq;CTUe;kg N-Eq;CTUh;CTUh;kg CFC-11-Eq;kg PM2.5-Eq;kg O3-Eq,,
greet2_2025_battery_sum_oxygen_o2_us_r539_cd_full_technosphere,"oxygen (O2), industrial gas",US,oxygen,kg,0.000163442,0.149595,0,6.05037e-06,0,0,0,1.73797e-05,0.00349052,kg SO2-Eq;kg CO2-Eq;CTUe;kg N-Eq;CTUh;CTUh;kg CFC-11-Eq;kg PM2.5-Eq;kg O3-Eq,,
greet2_2025_li_chemicals_nitrogen_us_r340_cw_full_technosphere,"nitrogen (N2), industrial gas",US,nitrogen,kg,0.000163442,0.149595,0,6.05037e-06,0,0,0,1.73797e-05,0.00349052,kg SO2-Eq;kg CO2-Eq;CTUe;kg N-Eq;CTUh;CTUh;kg CFC-11-Eq;kg PM2.5-Eq;kg O3-Eq,,
greet2_2025_li_chemicals_h2so4_us_r340_ck_full_technosphere,sulfuric acid (H2SO4),US,sulfuric acid,kg,0.00228048,0.0434487,0,1.69829e-05,0,0,0,0.000156813,0.0095869,kg SO2-Eq;kg CO2-Eq;CTUe;kg N-Eq;CTUh;CTUh;kg CFC-11-Eq;kg PM2.5-Eq;kg O3-Eq,,
greet2_2025_li_chemicals_sulfur_us_r340_cq_full_technosphere,sulfur,US,sulfur,kg,0.055646,0.0289198,0,1.30269e-06,0,0,0,0.00340185,0.000751738,kg SO2-Eq;kg CO2-Eq;CTUe;kg N-Eq;CTUh;CTUh;kg CFC-11-Eq;kg PM2.5-Eq;kg O3-Eq,,
greet2_2025_li_chemicals_caco3_us_r340_cl_full_technosphere,"limestone (calcium carbonate, CaCO3)",US,limestone,kg,1.28344e-05,0.00813455,0,7.19978e-07,0,0,0,1.38713e-06,0.000413858,kg SO2-Eq;kg CO2-Eq;CTUe;kg N-Eq;CTUh;CTUh;kg CFC-11-Eq;kg PM2.5-Eq;kg O3-Eq,,
greet2_2025_nickel_sand_us_r180_ci_full_technosphere,sand (silica),US,sand,kg,2.01159e-05,0.0184117,0,7.44661e-07,0,0,0,2.13904e-06,0.000429602,kg SO2-Eq;kg CO2-Eq;CTUe;kg N-Eq;CTUh;CTUh;kg CFC-11-Eq;kg PM2.5-Eq;kg O3-Eq,,
greet2_2025_solar_pv_ethylene_us_r269_ccg_full_technosphere,ethylene production,US,ethylene,kg,0.00163368,0.833485,0,0.000100242,0,0,0,0.000105573,0.0597138,kg SO2-Eq;kg CO2-Eq;CTUe;kg N-Eq;CTUh;CTUh;kg CFC-11-Eq;kg PM2.5-Eq;kg O3-Eq,,
greet2_2025_electrolyzers_propylene_us_r203_cbs_full_technosphere,propylene production,US,propylene,kg,0.000926111,0.724155,0,4.95526e-05,0,0,0,9.39651e-05,0.0295231,kg SO2-Eq;kg CO2-Eq;CTUe;kg N-Eq;CTUh;CTUh;kg CFC-11-Eq;kg PM2.5-Eq;kg O3-Eq,,
greet2_2025_solar_pv_acetylene_us_r269_cm_full_technosphere,acetylene production,US,acetylene,kg,0.00225459,2.18749,0,0.000134193,0,0,0,0.000171492,0.0780448,kg SO2-Eq;kg CO2-Eq;CTUe;kg N-Eq;CTUh;CTUh;kg CFC-11-Eq;kg PM2.5-Eq;kg O3-Eq,,
greet2_2025_solar_pv_acrylic_acid_us_r269_cdb_full_technosphere,acrylic acid production,US,acrylic acid,kg,0.00467601,5.0481,0,0.000289547,0,0,0,0.000394972,0.167809,kg SO2-Eq;kg CO2-Eq;CTUe;kg N-Eq;CTUh;CTUh;kg CFC-11-Eq;kg PM2.5-Eq;kg O3-Eq,,
greet2_2025_vehi_plastics_acrylonitrile_us_r104_ct_full_technosphere,acrylonitrile production,US,acrylonitrile,kg,0.00206798,1.98947,0,0.000110467,0,0,0,0.000169827,0.0724806,kg SO2-Eq;kg CO2-Eq;CTUe;kg N-Eq;CTUh;CTUh;kg CFC-11-Eq;kg PM2.5-Eq;kg O3-Eq,,
greet2_2025_battery_sum_aluminum_sheet_automotive_us_r572_cf_full_technosphere,"aluminum sheet, automotive",US,aluminum sheet,kg,0.022854,6.70563,0,0.000304977,0,0,0,0.00306973,0.176064,kg SO2-Eq;kg CO2-Eq;CTUe;kg N-Eq;CTUh;CTUh;kg CFC-11-Eq;kg PM2.5-Eq;kg O3-Eq,,
greet2_2025_electrolyzers_extruded_aluminum_us_r203_cdc_full_technosphere,aluminum extrusion,US,"aluminum, extruded",kg,0.0176136,5.50139,0,0.000263838,0,0,0,0.00221637,0.152164,kg SO2-Eq;kg CO2-Eq;CTUe;kg N-Eq;CTUh;CTUh;kg CFC-11-Eq;kg PM2.5-Eq;kg O3-Eq,,
greet2_2025_battery_sum_cast_aluminum_us_r572_cg_full_technosphere,"aluminum, cast",US,"aluminum, cast",kg,0.00799307,2.69566,0,0.000123642,0,0,0,0.00108499,0.0710331,kg SO2-Eq;kg CO2-Eq;CTUe;kg N-Eq;CTUh;CTUh;kg CFC-11-Eq;kg PM2.5-Eq;kg O3-Eq,,
greet2_2025_copper_copper_combined_us_copper_b19_2_r158_cr_full_technosphere,"copper cathode, US consumption mix (laterite + sulfide ore)",US,copper,kg,0.0062451,3.20435,0,0.000174663,0,0,0,0.000823358,0.101525,kg SO2-Eq;kg CO2-Eq;CTUe;kg N-Eq;CTUh;CTUh;kg CFC-11-Eq;kg PM2.5-Eq;kg O3-Eq,,
greet2_2025_copper_us_consumption_mix_laterite_sulfide_final_copper_product_us_consumption_mix_us_copper_b19_2_r158_cp_full_technosphere,"copper product incl. wire drawing, US consumption mix",US,"copper, drawn",kg,0.00664502,3.47476,0,0.000188067,0,0,0,0.000871644,0.109183,kg SO2-Eq;kg CO2-Eq;CTUe;kg N-Eq;CTUh;CTUh;kg CFC-11-Eq;kg PM2.5-Eq;kg O3-Eq,,
greet2_2025_battery_sum_steel_us_r572_co_full_technosphere,"steel, GREET average",US,steel,kg,0.0101313,2.17694,0,0.000118565,0,0,0,0.00147871,0.0761061,kg SO2-Eq;kg CO2-Eq;CTUe;kg N-Eq;CTUh;CTUh;kg CFC-11-Eq;kg PM2.5-Eq;kg O3-Eq,,
greet2_2025_hydropower_steel_virgin_us_r59_cb_full_technosphere,"steel, virgin",US,steel,kg,0.0134103,2.75207,0,0.00015069,0,0,0,0.00182141,0.0971204,kg SO2-Eq;kg CO2-Eq;CTUe;kg N-Eq;CTUh;CTUh;kg CFC-11-Eq;kg PM2.5-Eq;kg O3-Eq,,
greet2_2025_hydropower_steel_recycled_us_r59_cc_full_technosphere,"steel, recycled",US,"steel, recycled",kg,0.00098969,0.573563,0,2.90043e-05,0,0,0,0.000523331,0.0175208,kg SO2-Eq;kg CO2-Eq;CTUe;kg N-Eq;CTUh;CTUh;kg CFC-11-Eq;kg PM2.5-Eq;kg O3-Eq,,
greet2_2025_steel_steel_produced_by_bf_bof_us_r425_cl_full_technosphere,"steel, blast furnace / basic oxygen furnace (BF-BOF)",US,steel,kg,0.0101271,1.98756,0,0.000107911,0,0,0,0.00153621,0.0719586,kg SO2-Eq;kg CO2-Eq;CTUe;kg N-Eq;CTUh;CTUh;kg CFC-11-Eq;kg PM2.5-Eq;kg O3-Eq,,
greet2_2025_steel_steel_produced_by_eaf_us_r425_cm_full_technosphere,"steel, electric arc furnace (EAF)",US,steel,kg,0.000617599,0.231247,0,1.19724e-05,0,0,0,0.000469626,0.00765419,kg SO2-Eq;kg CO2-Eq;CTUe;kg N-Eq;CTUh;CTUh;kg CFC-11-Eq;kg PM2.5-Eq;kg O3-Eq,,
greet2_2025_steel_final_hot_rolled_steel_product_combined_us_r134_ci_full_technosphere,"steel, hot rolled",US,"steel, hot rolled",kg,0.0118138,2.29033,0,0.000128193,0,0,0,0.00168402,0.0839645,kg SO2-Eq;kg CO2-Eq;CTUe;kg N-Eq;CTUh;CTUh;kg CFC-11-Eq;kg PM2.5-Eq;kg O3-Eq,,
greet2_2025_steel_final_cold_rolled_steel_product_combined_us_r134_ck_full_technosphere,"steel, cold rolled",US,"steel, cold rolled",kg,0.0128705,2.61332,0,0.00014291,0,0,0,0.00179216,0.0927831,kg SO2-Eq;kg CO2-Eq;CTUe;kg N-Eq;CTUh;CTUh;kg CFC-11-Eq;kg PM2.5-Eq;kg O3-Eq,,
greet2_2025_steel_final_galvanized_steel_product_combined_us_r134_cm_full_technosphere,"steel, galvanized",US,"steel, galvanized",kg,0.013969,2.79725,0,0.000154559,0,0,0,0.00186039,0.0993664,kg SO2-Eq;kg CO2-Eq;CTUe;kg N-Eq;CTUh;CTUh;kg CFC-11-Eq;kg PM2.5-Eq;kg O3-Eq,,
greet2_2025_steel_silicon_steel_hot_rolled_us_r425_cg_full_technosphere,"silicon (electrical) steel, hot rolled",US,silicon steel,kg,0.00955482,2.10847,0,0.000116836,0,0,0,0.00182141,0.0752784,kg SO2-Eq;kg CO2-Eq;CTUe;kg N-Eq;CTUh;CTUh;kg CFC-11-Eq;kg PM2.5-Eq;kg O3-Eq,,
greet2_2025_steel_steel_production_from_dri_100_ng_100_dri_and_0_scrap_us_r425_cn_full_technosphere,"steel, natural-gas DRI-EAF (100% DRI)",US,steel,kg,0.00162979,1.53824,0,8.88372e-05,0,0,0,0.000167037,0.0511201,kg SO2-Eq;kg CO2-Eq;CTUe;kg N-Eq;CTUh;CTUh;kg CFC-11-Eq;kg PM2.5-Eq;kg O3-Eq,,
greet2_2025_steel_steel_production_from_dri_83_h2_100_dri_and_0_scrap_us_r425_cp_full_technosphere,"steel, hydrogen DRI-EAF (83% H2, 100% DRI)",US,steel,kg,0.0010428,0.934503,0,5.17346e-05,0,0,0,0.00011795,0.0296797,kg SO2-Eq;kg CO2-Eq;CTUe;kg N-Eq;CTUh;CTUh;kg CFC-11-Eq;kg PM2.5-Eq;kg O3-Eq,,
greet2_2025_nuclear_power_titanium_us_r85_cq_full_technosphere,"titanium, forged",US,titanium,kg,0.0788549,51.8389,0,0.00236794,0,0,0,0.00722593,1.35513,kg SO2-Eq;kg CO2-Eq;CTUe;kg N-Eq;CTUh;CTUh;kg CFC-11-Eq;kg PM2.5-Eq;kg O3-Eq,,
greet2_2025_electrolyzers_titanium_grade_2_us_r203_cat_full_technosphere,titanium sponge (grade 2),US,titanium sponge,kg,0.0681761,44.8192,0,0.00203408,0,0,0,0.00629118,1.16408,kg SO2-Eq;kg CO2-Eq;CTUe;kg N-Eq;CTUh;CTUh;kg CFC-11-Eq;kg PM2.5-Eq;kg O3-Eq,,
greet2_2025_electrolyzers_titanium_powder_us_r203_cal_full_technosphere,titanium powder,US,titanium powder,kg,0.0886523,59.1592,0,0.00268598,0,0,0,0.00817386,1.53773,kg SO2-Eq;kg CO2-Eq;CTUe;kg N-Eq;CTUh;CTUh;kg CFC-11-Eq;kg PM2.5-Eq;kg O3-Eq,,
greet2_2025_titanium_tio2_production_cradle_to_gate_us_r228_cbd_full_technosphere,titanium dioxide (TiO2),US,titanium dioxide,kg,0.03259,20.9339,0,0.00095491,0,0,0,0.00279112,0.546301,kg SO2-Eq;kg CO2-Eq;CTUe;kg N-Eq;CTUh;CTUh;kg CFC-11-Eq;kg PM2.5-Eq;kg O3-Eq,,
greet2_2025_magnesium_virgin_magnesium_final_magnesium_product_combined_us_r69_cg_full_technosphere,"magnesium, virgin",US,magnesium,kg,0.0134574,14.7114,0,0.000672102,0,0,0,0.00128996,0.388032,kg SO2-Eq;kg CO2-Eq;CTUe;kg N-Eq;CTUh;CTUh;kg CFC-11-Eq;kg PM2.5-Eq;kg O3-Eq,,
greet2_2025_magnesium_recycled_magnesium_final_magnesium_product_combined_us_r69_ci_full_technosphere,"magnesium, recycled",US,"magnesium, recycled",kg,0.000830167,0.808274,0,4.19328e-05,0,0,0,7.85632e-05,0.0242174,kg SO2-Eq;kg CO2-Eq;CTUe;kg N-Eq;CTUh;CTUh;kg CFC-11-Eq;kg PM2.5-Eq;kg O3-Eq,,
greet2_2025_zinc_final_zinc_product_combined_us_r71_ce_full_technosphere,zinc,US,zinc,kg,0.00227696,2.10351,0,8.81591e-05,0,0,0,0.00142677,0.0508224,kg SO2-Eq;kg CO2-Eq;CTUe;kg N-Eq;CTUh;CTUh;kg CFC-11-Eq;kg PM2.5-Eq;kg O3-Eq,,
greet2_2025_zinc_final_zinc_oxide_product_combined_us_r71_cg_full_technosphere,zinc oxide (ZnO),US,zinc oxide,kg,0.00719241,5.41687,0,0.000230964,0,0,0,0.00191211,0.131608,kg SO2-Eq;kg CO2-Eq;CTUe;kg N-Eq;CTUh;CTUh;kg CFC-11-Eq;kg PM2.5-Eq;kg O3-Eq,,
greet2_2025_lead_final_virgin_lead_product_combined_us_r59_ce_full_technosphere,"lead, virgin",US,lead,kg,0.028028,0.581214,0,4.28397e-05,0,0,0,0.00491209,0.0292172,kg SO2-Eq;kg CO2-Eq;CTUe;kg N-Eq;CTUh;CTUh;kg CFC-11-Eq;kg PM2.5-Eq;kg O3-Eq,,
greet2_2025_lead_final_recycled_lead_product_combined_us_r59_cg_full_technosphere,"lead, recycled",US,"lead, recycled",kg,0.00492971,0.437011,0,2.33117e-05,0,0,0,0.000308497,0.0131815,kg SO2-Eq;kg CO2-Eq;CTUe;kg N-Eq;CTUh;CTUh;kg CFC-11-Eq;kg PM2.5-Eq;kg O3-Eq,,
greet2_2025_molybdenum_molybdenum_us_r66_cf_full_technosphere,molybdenum,US,molybdenum,kg,0.0259394,22.7246,0,0.0015269,0,0,0,0.00283947,0.872066,kg SO2-Eq;kg CO2-Eq;CTUe;kg N-Eq;CTUh;CTUh;kg CFC-11-Eq;kg PM2.5-Eq;kg O3-Eq,,
greet2_2025_zirconium_final_virgin_zirconium_product_combined_us_r58_ce_full_technosphere,"zirconium, virgin",US,zirconium,kg,0.0108726,10.6971,0,0.000575242,0,0,0,0.00101113,0.332262,kg SO2-Eq;kg CO2-Eq;CTUe;kg N-Eq;CTUh;CTUh;kg CFC-11-Eq;kg PM2.5-Eq;kg O3-Eq,,
greet2_2025_electrolyzers_zirconia_zirconium_oxide_us_r203_cbm_full_technosphere,zirconia (ZrO2),US,zirconia,kg,0.00190119,1.55921,0,8.35446e-05,0,0,0,0.000190211,0.0480222,kg SO2-Eq;kg CO2-Eq;CTUe;kg N-Eq;CTUh;CTUh;kg CFC-11-Eq;kg PM2.5-Eq;kg O3-Eq,,
greet2_2025_electrolyzers_tin_us_r203_cdl_full_technosphere,tin,US,tin,kg,0.0266894,9.4379,0,0.000569702,0,0,0,0.00201733,0.323578,kg SO2-Eq;kg CO2-Eq;CTUe;kg N-Eq;CTUh;CTUh;kg CFC-11-Eq;kg PM2.5-Eq;kg O3-Eq,,
greet2_2025_nuclear_power_silver_us_r85_ck_full_technosphere,silver,US,silver,kg,0.124292,88.5742,0,0.00432247,0,0,0,0.0128122,2.47705,kg SO2-Eq;kg CO2-Eq;CTUe;kg N-Eq;CTUh;CTUh;kg CFC-11-Eq;kg PM2.5-Eq;kg O3-Eq,,
greet2_2025_rare_earth_neodymium_us_rare_earth_b11_1_r163_cbc_full_technosphere,neodymium metal,US,neodymium,kg,0.0547687,26.1864,0,0.00100521,0,0,0,0.0235124,0.595675,kg SO2-Eq;kg CO2-Eq;CTUe;kg N-Eq;CTUh;CTUh;kg CFC-11-Eq;kg PM2.5-Eq;kg O3-Eq,,
greet2_2025_rare_earth_neodymium_oxide_us_rare_earth_b6_1_r163_cam_full_technosphere,neodymium oxide (Nd2O3),US,neodymium oxide,kg,0.0433616,20.2875,0,0.000785139,0,0,0,0.0170098,0.466038,kg SO2-Eq;kg CO2-Eq;CTUe;kg N-Eq;CTUh;CTUh;kg CFC-11-Eq;kg PM2.5-Eq;kg O3-Eq,,
greet2_2025_rare_earth_dysprosium_oxide_us_rare_earth_b6_1_r163_cao_full_technosphere,dysprosium oxide (Dy2O3),US,dysprosium oxide,kg,0.0433616,20.2875,0,0.000785139,0,0,0,0.0170098,0.466038,kg SO2-Eq;kg CO2-Eq;CTUe;kg N-Eq;CTUh;CTUh;kg CFC-11-Eq;kg PM2.5-Eq;kg O3-Eq,,
greet2_2025_rare_earth_nd_dy_feb_magnet_us_r198_cct_full_technosphere,NdFeB permanent magnet (Nd(Dy)FeB),US,NdFeB magnet,kg,0.0459044,25.1049,0,0.000943465,0,0,0,0.011536,0.554668,kg SO2-Eq;kg CO2-Eq;CTUe;kg N-Eq;CTUh;CTUh;kg CFC-11-Eq;kg PM2.5-Eq;kg O3-Eq,,
greet2_2025_vehi_plastics_pp_resin_us_r104_cn_full_technosphere,polypropylene (PP) resin,US,polypropylene,kg,0.00113962,0.932323,0,6.10176e-05,0,0,0,0.000113703,0.0361582,kg SO2-Eq;kg CO2-Eq;CTUe;kg N-Eq;CTUh;CTUh;kg CFC-11-Eq;kg PM2.5-Eq;kg O3-Eq,,
greet2_2025_battery_sum_plastic_polypropylene_us_r572_ck_full_technosphere,"polypropylene (PP), GREET battery-model value",US,polypropylene,kg,0.00163397,1.37827,0,8.23783e-05,0,0,0,0.00016453,0.048582,kg SO2-Eq;kg CO2-Eq;CTUe;kg N-Eq;CTUh;CTUh;kg CFC-11-Eq;kg PM2.5-Eq;kg O3-Eq,,
greet2_2025_vehi_plastics_hdpe_resin_us_r104_cg_full_technosphere,high-density polyethylene (HDPE) resin,US,"polyethylene, high density",kg,0.00183019,1.04122,0,0.000109464,0,0,0,0.000125197,0.0650149,kg SO2-Eq;kg CO2-Eq;CTUe;kg N-Eq;CTUh;CTUh;kg CFC-11-Eq;kg PM2.5-Eq;kg O3-Eq,,
greet2_2025_battery_sum_plastic_polyethylene_us_r572_cl_full_technosphere,"polyethylene (PE), GREET battery-model value",US,polyethylene,kg,0.00249449,1.65773,0,0.000135779,0,0,0,0.000194383,0.0801978,kg SO2-Eq;kg CO2-Eq;CTUe;kg N-Eq;CTUh;CTUh;kg CFC-11-Eq;kg PM2.5-Eq;kg O3-Eq,,
greet2_2025_vehi_plastics_ldpe_resin_us_r104_ch_full_technosphere,low-density polyethylene (LDPE) resin,US,"polyethylene, low density",kg,0.00213024,1.31589,0,0.000124614,0,0,0,0.000153375,0.073787,kg SO2-Eq;kg CO2-Eq;CTUe;kg N-Eq;CTUh;CTUh;kg CFC-11-Eq;kg PM2.5-Eq;kg O3-Eq,,
greet2_2025_vehi_plastics_lldpe_resin_us_r104_ci_full_technosphere,linear low-density polyethylene (LLDPE) resin,US,"polyethylene, linear low density",kg,0.0237643,1.6102,0,0.000142516,0,0,0,0.00145754,0.0857536,kg SO2-Eq;kg CO2-Eq;CTUe;kg N-Eq;CTUh;CTUh;kg CFC-11-Eq;kg PM2.5-Eq;kg O3-Eq,,
greet2_2025_vehi_plastics_pet_resin_us_r104_cm_full_technosphere,polyethylene terephthalate (PET) resin,US,polyethylene terephthalate,kg,0.00173153,1.44037,0,9.24807e-05,0,0,0,0.000150779,0.0556319,kg SO2-Eq;kg CO2-Eq;CTUe;kg N-Eq;CTUh;CTUh;kg CFC-11-Eq;kg PM2.5-Eq;kg O3-Eq,,
greet2_2025_battery_sum_plastic_polyethylene_terephthalate_us_r572_cn_full_technosphere,"polyethylene terephthalate (PET), GREET battery-model value",US,polyethylene terephthalate,kg,0.00227533,1.94387,0,0.000118251,0,0,0,0.000203104,0.0706665,kg SO2-Eq;kg CO2-Eq;CTUe;kg N-Eq;CTUh;CTUh;kg CFC-11-Eq;kg PM2.5-Eq;kg O3-Eq,,
greet2_2025_vehi_plastics_pvc_resin_us_r104_cq_full_technosphere,polyvinyl chloride (PVC) resin,US,polyvinyl chloride,kg,0.0120326,1.79878,0,0.000125262,0,0,0,0.000766932,0.0738773,kg SO2-Eq;kg CO2-Eq;CTUe;kg N-Eq;CTUh;CTUh;kg CFC-11-Eq;kg PM2.5-Eq;kg O3-Eq,,
greet2_2025_vehi_plastics_nylon_6_resin_us_r104_cj_full_technosphere,nylon 6 (polyamide 6) resin,US,nylon 6,kg,0.0123944,7.82197,0,0.000635112,0,0,0,0.000840229,0.360463,kg SO2-Eq;kg CO2-Eq;CTUe;kg N-Eq;CTUh;CTUh;kg CFC-11-Eq;kg PM2.5-Eq;kg O3-Eq,,
greet2_2025_vehi_plastics_nylon_66_resin_us_r104_ck_full_technosphere,nylon 66 (polyamide 66) resin,US,nylon 66,kg,0.00817299,5.55057,0,0.000379594,0,0,0,0.000855482,0.217641,kg SO2-Eq;kg CO2-Eq;CTUe;kg N-Eq;CTUh;CTUh;kg CFC-11-Eq;kg PM2.5-Eq;kg O3-Eq,,
greet2_2025_vehi_plastics_pc_resin_us_r104_cl_full_technosphere,polycarbonate (PC) resin,US,polycarbonate,kg,0.00502614,3.63582,0,0.000226884,0,0,0,0.000524749,0.130511,kg SO2-Eq;kg CO2-Eq;CTUe;kg N-Eq;CTUh;CTUh;kg CFC-11-Eq;kg PM2.5-Eq;kg O3-Eq,,
greet2_2025_vehi_plastics_abs_resin_us_r104_cb_full_technosphere,acrylonitrile butadiene styrene (ABS) resin,US,ABS,kg,0.0194031,2.72782,0,0.000210042,0,0,0,0.00122096,0.123342,kg SO2-Eq;kg CO2-Eq;CTUe;kg N-Eq;CTUh;CTUh;kg CFC-11-Eq;kg PM2.5-Eq;kg O3-Eq,,
greet2_2025_vehi_plastics_gpps_resin_us_r104_ce_full_technosphere,general-purpose polystyrene (GPPS) resin,US,polystyrene,kg,0.0153738,2.52131,0,0.000172493,0,0,0,0.000993567,0.101595,kg SO2-Eq;kg CO2-Eq;CTUe;kg N-Eq;CTUh;CTUh;kg CFC-11-Eq;kg PM2.5-Eq;kg O3-Eq,,
greet2_2025_vehi_plastics_hips_resin_us_r104_cf_full_technosphere,high-impact polystyrene (HIPS) resin,US,"polystyrene, high impact",kg,0.0158384,2.50088,0,0.000172765,0,0,0,0.00102372,0.101834,kg SO2-Eq;kg CO2-Eq;CTUe;kg N-Eq;CTUh;CTUh;kg CFC-11-Eq;kg PM2.5-Eq;kg O3-Eq,,
greet2_2025_vehi_plastics_epdm_resin_us_r104_cc_full_technosphere,EPDM rubber resin,US,EPDM,kg,0.0224143,1.35774,0,0.000139248,0,0,0,0.00136047,0.0838283,kg SO2-Eq;kg CO2-Eq;CTUe;kg N-Eq;CTUh;CTUh;kg CFC-11-Eq;kg PM2.5-Eq;kg O3-Eq,,
greet2_2025_vehi_plastics_liquid_epoxy_resin_us_r104_cd_full_technosphere,"epoxy resin, liquid",US,epoxy resin,kg,0.0079037,5.1883,0,0.000368282,0,0,0,0.00271115,0.211825,kg SO2-Eq;kg CO2-Eq;CTUe;kg N-Eq;CTUh;CTUh;kg CFC-11-Eq;kg PM2.5-Eq;kg O3-Eq,,
greet2_2025_vehi_plastics_pur_rigid_foam_us_r104_cp_full_technosphere,polyurethane (PUR) rigid foam,US,"polyurethane foam, rigid",kg,0.0137605,2.61268,0,0.000187263,0,0,0,0.000975716,0.109886,kg SO2-Eq;kg CO2-Eq;CTUe;kg N-Eq;CTUh;CTUh;kg CFC-11-Eq;kg PM2.5-Eq;kg O3-Eq,,
greet2_2025_vehi_plastics_pur_flexible_foam_us_r104_co_full_technosphere,polyurethane (PUR) flexible foam,US,"polyurethane foam, flexible",kg,0.014824,2.77645,0,0.000188677,0,0,0,0.0010242,0.110338,kg SO2-Eq;kg CO2-Eq;CTUe;kg N-Eq;CTUh;CTUh;kg CFC-11-Eq;kg PM2.5-Eq;kg O3-Eq,,
greet2_2025_vehi_plastics_methyl_methacrylate_us_r104_cu_full_technosphere,methyl methacrylate (MMA),US,methyl methacrylate,kg,0.0132378,7.95929,0,0.00050291,0,0,0,0.00147203,0.287215,kg SO2-Eq;kg CO2-Eq;CTUe;kg N-Eq;CTUh;CTUh;kg CFC-11-Eq;kg PM2.5-Eq;kg O3-Eq,,
greet2_2025_vehi_plastics_pan_us_r104_cv_full_technosphere,polyacrylonitrile (PAN),US,polyacrylonitrile,kg,0.00403438,3.58509,0,0.00018225,0,0,0,0.000384419,0.113333,kg SO2-Eq;kg CO2-Eq;CTUe;kg N-Eq;CTUh;CTUh;kg CFC-11-Eq;kg PM2.5-Eq;kg O3-Eq,,
greet2_2025_vehi_plastics_carbon_fiber_us_r104_cw_full_technosphere,carbon fiber,US,carbon fiber,kg,0.0170755,15.45,0,0.000710887,0,0,0,0.00171405,0.427178,kg SO2-Eq;kg CO2-Eq;CTUe;kg N-Eq;CTUh;CTUh;kg CFC-11-Eq;kg PM2.5-Eq;kg O3-Eq,,
greet2_2025_vehi_plastics_glass_fiber_us_r104_cs_full_technosphere,glass fiber,US,glass fiber,kg,0.00393942,1.5232,0,0.000175584,0,0,0,0.00114332,0.0996346,kg SO2-Eq;kg CO2-Eq;CTUe;kg N-Eq;CTUh;CTUh;kg CFC-11-Eq;kg PM2.5-Eq;kg O3-Eq,,
greet2_2025_vehi_plastics_final_carbon_fiber_reinforced_plastic_product_for_general_use_combined_us_r104_ccb_full_technosphere,"carbon fiber-reinforced plastic (CFRP), general use",US,CFRP,kg,0.0133085,10.124,0,0.000579837,0,0,0,0.00289307,0.339546,kg SO2-Eq;kg CO2-Eq;CTUe;kg N-Eq;CTUh;CTUh;kg CFC-11-Eq;kg PM2.5-Eq;kg O3-Eq,,
greet2_2025_solar_pv_glass_fiber_reinforced_plastic_us_r269_ccj_full_technosphere,glass fiber-reinforced plastic (GFRP),US,GFRP,kg,0.00646296,3.86544,0,0.000289465,0,0,0,0.00192626,0.165812,kg SO2-Eq;kg CO2-Eq;CTUe;kg N-Eq;CTUh;CTUh;kg CFC-11-Eq;kg PM2.5-Eq;kg O3-Eq,,
greet2_2025_electrolyzers_ptfe_us_r203_cag_full_technosphere,polytetrafluoroethylene (PTFE),US,polytetrafluoroethylene,kg,0.0118833,6.90708,0,0.000445521,0,0,0,0.0014759,0.253829,kg SO2-Eq;kg CO2-Eq;CTUe;kg N-Eq;CTUh;CTUh;kg CFC-11-Eq;kg PM2.5-Eq;kg O3-Eq,,
greet2_2025_rubber_styrene_butadiene_rubber_us_r64_cb_full_technosphere,styrene-butadiene rubber (SBR),US,styrene-butadiene rubber,kg,0.00496369,2.80309,0,0.000186212,0,0,0,0.000620876,0.124961,kg SO2-Eq;kg CO2-Eq;CTUe;kg N-Eq;CTUh;CTUh;kg CFC-11-Eq;kg PM2.5-Eq;kg O3-Eq,,
greet2_2025_rubber_final_average_rubber_product_combined_us_r64_ci_full_technosphere,"rubber product, average",US,rubber,kg,0.0055095,3.32498,0,0.000212947,0,0,0,0.000673574,0.140459,kg SO2-Eq;kg CO2-Eq;CTUe;kg N-Eq;CTUh;CTUh;kg CFC-11-Eq;kg PM2.5-Eq;kg O3-Eq,,
greet2_2025_glass_glass_final_flat_glass_product_us_r70_ch_full_technosphere,flat glass,US,flat glass,kg,0.0017816,1.04878,0,7.50108e-05,0,0,0,0.000131874,0.0427407,kg SO2-Eq;kg CO2-Eq;CTUe;kg N-Eq;CTUh;CTUh;kg CFC-11-Eq;kg PM2.5-Eq;kg O3-Eq,,
greet2_2025_glass_glass_final_automotive_glass_product_us_r70_cj_full_technosphere,automotive glass,US,automotive glass,kg,0.00218646,1.46051,0,9.95197e-05,0,0,0,0.000166668,0.0569022,kg SO2-Eq;kg CO2-Eq;CTUe;kg N-Eq;CTUh;CTUh;kg CFC-11-Eq;kg PM2.5-Eq;kg O3-Eq,,
greet2_2025_cement_concrete_cement_product_combined_emissions_u_s_national_average_us_r92_cj_full_technosphere,"cement, US national average",US,cement,kg,0.0011611,0.851432,0,5.48907e-05,0,0,0,0.000190423,0.0311731,kg SO2-Eq;kg CO2-Eq;CTUe;kg N-Eq;CTUh;CTUh;kg CFC-11-Eq;kg PM2.5-Eq;kg O3-Eq,,
greet2_2025_cement_concrete_ready_mix_concrete_from_u_s_national_average_cement_delivered_us_r125_cj_full_technosphere,"ready-mix concrete, delivered",US,concrete,kg,0.000133586,0.0856751,0,6.43073e-06,0,0,0,4.27174e-05,0.00387226,kg SO2-Eq;kg CO2-Eq;CTUe;kg N-Eq;CTUh;CTUh;kg CFC-11-Eq;kg PM2.5-Eq;kg O3-Eq,,
greet2_2025_battery_sum_electronic_parts_us_r572_ct_full_technosphere,electronic parts (e.g. battery management system),US,electronic parts,kg,0.0207507,19.6206,0,0.000913362,0,0,0,0.00208063,0.527264,kg SO2-Eq;kg CO2-Eq;CTUe;kg N-Eq;CTUh;CTUh;kg CFC-11-Eq;kg PM2.5-Eq;kg O3-Eq,,
greet2_2025_wind_turbine_wind_power_aggregated_us_r156_cd_full_technosphere,electricity from wind power (aggregated),US,"electricity, wind",MJ,7.85127e-06,0.00265503,0,1.45283e-07,0,0,0,1.22086e-06,8.84153e-05,kg SO2-Eq;kg CO2-Eq;CTUe;kg N-Eq;CTUh;CTUh;kg CFC-11-Eq;kg PM2.5-Eq;kg O3-Eq,,
greet2_2025_anode_natural_graphite_coating_us_r142_cx_full_technosphere,"natural graphite, coated spherical, cradle to gate (mining to coating)",US,"natural graphite, coated",kg,0.0140883,7.74733,0,0.000426473,0,0,0,0.00134249,0.242775,kg SO2-Eq;kg CO2-Eq;CTUe;kg N-Eq;CTUh;CTUh;kg CFC-11-Eq;kg PM2.5-Eq;kg O3-Eq,,
greet2_2025_mat_sum_virgin_aluminum_foil_non_automotive_us_r45_cr_full_technosphere,"aluminium foil, from primary (virgin) aluminium",US,aluminium foil,kg,0.0500154,14.4482,0,0.000643862,0,0,0,0.0065513,0.370482,kg SO2-Eq;kg CO2-Eq;CTUe;kg N-Eq;CTUh;CTUh;kg CFC-11-Eq;kg PM2.5-Eq;kg O3-Eq,,
greet2_2025_mat_sum_average_aluminum_foil_non_automotive_us_r45_cu_full_technosphere,"aluminium foil, US average mix (20% virgin, 23% recycled, 57% scrap-based)",US,aluminium foil,kg,0.0125121,4.40226,0,0.000218106,0,0,0,0.00181409,0.127145,kg SO2-Eq;kg CO2-Eq;CTUe;kg N-Eq;CTUh;CTUh;kg CFC-11-Eq;kg PM2.5-Eq;kg O3-Eq,,
greet1_2025_electricity_us_mix,"electricity, grid mix at user site, US average",US,electricity,kWh,0.00042899,0.392645,0,1.58806e-05,0,0,0,4.02869e-05,0.00916165,kg SO2-Eq;kg CO2-Eq;CTUe;kg N-Eq;CTUh;CTUh;kg CFC-11-Eq;kg PM2.5-Eq;kg O3-Eq,,
greet1_2025_electricity_cn,"electricity, grid mix at user site, China",CN,electricity,kWh,0.00102736,0.693274,0,2.31184e-05,0,0,0,0.000105472,0.0131875,kg SO2-Eq;kg CO2-Eq;CTUe;kg N-Eq;CTUh;CTUh;kg CFC-11-Eq;kg PM2.5-Eq;kg O3-Eq,,
greet1_2025_electricity_kr,"electricity, grid mix at user site, South Korea",KR,electricity,kWh,0.000784125,0.561447,0,2.15981e-05,0,0,0,7.73986e-05,0.012365,kg SO2-Eq;kg CO2-Eq;CTUe;kg N-Eq;CTUh;CTUh;kg CFC-11-Eq;kg PM2.5-Eq;kg O3-Eq,,
greet1_2025_electricity_jp,"electricity, grid mix at user site, Japan",JP,electricity,kWh,0.00094099,0.586455,0,2.94183e-05,0,0,0,8.79927e-05,0.0168074,kg SO2-Eq;kg CO2-Eq;CTUe;kg N-Eq;CTUh;CTUh;kg CFC-11-Eq;kg PM2.5-Eq;kg O3-Eq,,
greet1_2025_electricity_eu,"electricity, grid mix at user site, Europe",RER,electricity,kWh,0.000515095,0.351707,0,1.48045e-05,0,0,0,5.10753e-05,0.00848468,kg SO2-Eq;kg CO2-Eq;CTUe;kg N-Eq;CTUh;CTUh;kg CFC-11-Eq;kg PM2.5-Eq;kg O3-Eq,,
greet1_2025_electricity_de,"electricity, grid mix at user site, Germany",DE,electricity,kWh,0.000622546,0.370732,0,1.72416e-05,0,0,0,6.15196e-05,0.00985013,kg SO2-Eq;kg CO2-Eq;CTUe;kg N-Eq;CTUh;CTUh;kg CFC-11-Eq;kg PM2.5-Eq;kg O3-Eq,,
greet1_2025_electricity_fr,"electricity, grid mix at user site, France",FR,electricity,kWh,0.000116723,0.0557951,0,4.28605e-06,0,0,0,1.02409e-05,0.00244594,kg SO2-Eq;kg CO2-Eq;CTUe;kg N-Eq;CTUh;CTUh;kg CFC-11-Eq;kg PM2.5-Eq;kg O3-Eq,,
greet1_2025_electricity_pl,"electricity, grid mix at user site, Poland",PL,electricity,kWh,0.0012564,0.809897,0,3.01328e-05,0,0,0,0.000127008,0.0171858,kg SO2-Eq;kg CO2-Eq;CTUe;kg N-Eq;CTUh;CTUh;kg CFC-11-Eq;kg PM2.5-Eq;kg O3-Eq,,
greet1_2025_electricity_ca,"electricity, grid mix at user site, Canada",CA,electricity,kWh,0.000181588,0.119755,0,6.19701e-06,0,0,0,1.67943e-05,0.00354983,kg SO2-Eq;kg CO2-Eq;CTUe;kg N-Eq;CTUh;CTUh;kg CFC-11-Eq;kg PM2.5-Eq;kg O3-Eq,,
greet1_2025_electricity_mx,"electricity, grid mix at user site, Mexico",MX,electricity,kWh,0.000780073,0.444772,0,3.20882e-05,0,0,0,6.37325e-05,0.0183349,kg SO2-Eq;kg CO2-Eq;CTUe;kg N-Eq;CTUh;CTUh;kg CFC-11-Eq;kg PM2.5-Eq;kg O3-Eq,,
greet1_2025_electricity_us_wecc,"electricity, grid mix at user site, US, WECC region",US-WECC,electricity,kWh,0.000421175,0.312689,0,1.48332e-05,0,0,0,4.02836e-05,0.00853499,kg SO2-Eq;kg CO2-Eq;CTUe;kg N-Eq;CTUh;CTUh;kg CFC-11-Eq;kg PM2.5-Eq;kg O3-Eq,,
greet1_2025_electricity_us_serc,"electricity, grid mix at user site, US, SERC region",US-SERC,electricity,kWh,0.000800386,0.441014,0,2.59864e-05,0,0,0,7.79819e-05,0.0148921,kg SO2-Eq;kg CO2-Eq;CTUe;kg N-Eq;CTUh;CTUh;kg CFC-11-Eq;kg PM2.5-Eq;kg O3-Eq,,
greet1_2025_electricity_au,"electricity, grid mix at user site, Australia",AU,electricity,kWh,0.0010714,0.731084,0,2.76129e-05,0,0,0,0.000106594,0.0157752,kg SO2-Eq;kg CO2-Eq;CTUe;kg N-Eq;CTUh;CTUh;kg CFC-11-Eq;kg PM2.5-Eq;kg O3-Eq,,
greet1_2025_electricity_cl,"electricity, grid mix at user site, Chile",CL,electricity,kWh,0.000851368,0.487272,0,2.41153e-05,0,0,0,8.14485e-05,0.0137427,kg SO2-Eq;kg CO2-Eq;CTUe;kg N-Eq;CTUh;CTUh;kg CFC-11-Eq;kg PM2.5-Eq;kg O3-Eq,,
greet1_2025_electricity_ar,"electricity, grid mix at user site, Argentina",AR,electricity,kWh,0.000489456,0.363258,0,2.21274e-05,0,0,0,4.02252e-05,0.012711,kg SO2-Eq;kg CO2-Eq;CTUe;kg N-Eq;CTUh;CTUh;kg CFC-11-Eq;kg PM2.5-Eq;kg O3-Eq,,
greet1_2025_electricity_id,"electricity, grid mix at user site, Indonesia",ID,electricity,kWh,0.00133723,0.852746,0,3.39868e-05,0,0,0,0.000132901,0.0193868,kg SO2-Eq;kg CO2-Eq;CTUe;kg N-Eq;CTUh;CTUh;kg CFC-11-Eq;kg PM2.5-Eq;kg O3-Eq,,
greet1_2025_electricity_in,"electricity, grid mix at user site, India",IN,electricity,kWh,0.00119593,0.801438,0,2.71139e-05,0,0,0,0.000122426,0.015464,kg SO2-Eq;kg CO2-Eq;CTUe;kg N-Eq;CTUh;CTUh;kg CFC-11-Eq;kg PM2.5-Eq;kg O3-Eq,,
greet1_2025_electricity_glo,"electricity, grid mix at user site, world average",GLO,electricity,kWh,0.000830179,0.538557,0,2.33258e-05,0,0,0,8.03652e-05,0.0133222,kg SO2-Eq;kg CO2-Eq;CTUe;kg N-Eq;CTUh;CTUh;kg CFC-11-Eq;kg PM2.5-Eq;kg O3-Eq,,
